,label_orig,label_simpl,label_alt,frequency,JL suggestions - NB ideally would want to cross-check against entries,JL explanation/notes
0,liberal,liberal,liberal,21842,,
1,independent,independent,independent,17452,,
2,neutral,neutral,neutral,17205,,
3,conservative,conservative,conservative,13801,,
4,unionist,conservative,conservative,1590,,
5,liberal; conservative,conservative,conservative,1204,independent or conservative ,"might it be possible to test their language and use this to assign to one or other camp? ALternatively one could say that 1848-67 these were conservative papers signalling they weren't diehards, whereas after 1867 when party lines became firmer they were signalling an 'Independent' stance. It seems plausible/justifiable."
6,national,national,national,821,national,"most are indeed Irish, inluding UK Irish paper BUT there are exceptions - e.g. Y Genedl Gymreg, YR Echo CYMRAEG or North Wales Observer - which is Welsh but still just 'national' - do we care? Is this OK as both are part of 4 nations challenge to London/English power?"
7,independent; liberal,liberal,liberal,589,liberal,
8,nationalist,national,national,388,national,
9,liberal; unionist,conservative,conservative,379,conservative,visual inspection confirms these titles are post-1885 and reflect the Liberal schism over Home Rule - we could analyse if the papers are different from conservative linguistically but for aggregate analysis I would combine 
10,independent; conservative,conservative,conservative,327,conservative,
11,catholic,religious,religious,319,,
12,liberal; independent,liberal,liberal,259,liberal,
13,radical,liberal,radical,226,liberal,radicals from c.1848 are essentially part of the broad liberal coalition - albeit often disgruntled and independent - there are probably too few to keep wholly separate - see below re idea of a 2nd 'radical/left' category  to analyse compared with 'liberal'. NB Manx Liberal of 1847 calls itself 'radical' which underlines this blurring
14,non-political,neutral,neutral,205,,
15,constitutional,conservative,conservative,173,,
16,whig,liberal,liberal,129,,
17,tory,conservative,conservative,107,,
18,conservative; unionist,conservative,conservative,88,,
19,progressive,liberal,liberal,69,,
20,democratic,liberal,radical,66,liberal,"like radical above - this is a code word, few tories were true democrats till end 19thC - also for radical/left category"
21,protestant,religious,religious,65,,
22,national; catholic,national,national,63,,
23,independent; nationalist,national,national,61,national,all are Irish titles so safe to so assign
24,advanced; liberal,liberal,liberal,57,,
25,anglo-catholic,religious,religious,56,,
26,labour,liberal,radical,55,liberal,"like radical above - too few to keep separate in most analyses BUT we might want to see if combining radical, democrat and labour shows a different ngram fingerprint to 'liberal' cf Blaxill's last chapter in book"
27,moderate; conservative,conservative,conservative,54,,
28,conservative; independent,conservative,conservative,49,conservative,
29,protestant; conservative,conservative,conservative,47,,
30,liberal; religious,liberal,liberal,40,,
31,church-of-england,religious,religious,36,,
32,liberal; neutral,liberal,liberal,34,liberal,
33,evangelical,religious,religious,33,,
34,presbyterian,religious,religious,32,,
35,non-party,neutral,neutral,32,,
36,denominational,religious,religious,31,,
37,liberal; progressive,liberal,liberal,31,,
38,ultra; liberal,liberal,liberal,31,,
39,unitarian,religious,religious,31,,
40,constitutional; tory,conservative,conservative,31,,
41,liberal; free-trade,liberal,liberal,28,,
42,roman-catholic,religious,religious,27,,
43,anglican,religious,religious,26,,
44,independent; unionist,conservative,conservative,25,conservative,all are post-1885 and Home Rule schism when unionist is code word for anti-Liberal
45,church-of-england; neutral,religious,religious,24,religious ,trumps the neutral surely as would not trump say 'liberal' whereas I can see High Church Independent is more a political statement and Indepepdnet seems right
46,catholic; national,national,national,23,,
48,high-church; independent,independent,independent,22,,
49,moderate; liberal,liberal,liberal,21,,
50,high-church,religious,religious,21,,
51,orange-protestant,religious,religious,21,,
52,republican,liberal,liberal,21,liberal ,but also could be added to the 'radical/labour' experiment above - so we might need a 3rd column for this - sorry...
53,secularist; republican,liberal,liberal,20,liberal ,as republican
54,social; democratic,socialist,radical,20,socialist,but also radical left cluster - this is Justice the weekly paper of Marxist SDF (very anti-Liberal)
55,moderate,neutral,neutral,19,neutral,
56,unsectarian,religious,religious,18,religious,my guess is this is a religious label for a  nondenominational christian title
57,neutral; independent,independent,independent,18,independent,as above - independent trumps neutral
58,independent; progressive,liberal,liberal,18,liberal,progressive as code liberal word
59,national; liberal,liberal,liberal,16,,
60,non-political; non-sectarian,neutral,neutral,16,neutral,agreed
61,liberal; labour,liberal,radical,15,liberal,but also radical left cluster as above?
62,national; independent,national,national,15,national ,IF Irish titles - otherwise independent - actually includes 5 titles part of London Times stable so NOT 'national' in this sense - rest are Tuam title that had been liberal till 1883 so OK
63,national; conservative,conservative,conservative,15,,
64,independent; constitutional,conservative,conservative,14,conservative,constitutional being conservative code word
65,church-of-ireland,religious,religious,14,,
66,high-church; conservative,conservative,conservative,14,,agreed
67,progressive; conservative,conservative,conservative,14,conservative,late 19thC titles so likely signally brand of conservatism they preach
68,high-church; liberal,liberal,liberal,14,,agreed
69,secularism,liberal,radical,13,liberal,but also radical left cluster
70,evangelical; protestant,religious,religious,13,,
71,unionist; conservative,conservative,conservative,13,,
72,imperialist,conservative,conservative,12,conservative,conservative code word from 1870
73,unionist; liberal,conservative,conservative,12,conservative ,all titles post 1885 so title signals Liberal schism & pro-Conservative Govt stance
74,democratic; progressive,liberal,liberal,12,liberal,but also radical left cluster as above
75,repeal,national,national,11,national,all are IRISH late 1840s titles so link to O'Connellite movement for repeal of Union 
76,constructive; tory,conservative,conservative,11,,
77,liberal; radical,liberal,liberal,11,,
78,independent; radical,liberal,radical,11,liberal,but also radicla left cluster as above
79,independent; catholic,independent,independent,10,,
80,constitutional; protestant,conservative,conservative,10,,agreed
81,cosmopolitan,other,other,10,,agreed
82,religious-equality,religious,religious,10,religious,This is the official Methodist paper so not party political
83,impartial,neutral,neutral,9,,
84,tory; old,conservative,conservative,9,,
85,conservative; liberal,independent,independent,8,independent,Unlike liberal conservative this was not a political label at time - all but one title is post-1867 and it seems safe to call this an alternative way of saying independent - i.e. it is a political statement of non-alignment
86,nationalist; catholic,national,national,8,national,
87,non-political; unsectarian,neutral,neutral,8,neutral,
88,high-church; whig,liberal,liberal,8,,
89,independent; roman-catholic,independent,independent,8,,
90,anti-radical,conservative,conservative,8,,
91,home-rule,national,national,7,national,all titles are Irish except 'United Irishman' publ in Liverpool for Irish in Britain
92,conservative; protective,conservative,conservative,7,,
93,no-politics,neutral,neutral,7,,
94,neutral; conservative,conservative,conservative,7,conservative,
95,liberal; dissenting,liberal,liberal,7,,
96,congregational,religious,religious,7,,
97,conservative; high-church,conservative,conservative,6,,
98,independent; neutral,independent,independent,5,independent,as trumps neutral
99,nationalist; liberal,national,national,5,national ,Irish nationalist paper - Derry Journal 1894-99
100,liberal; conservative; agricultural,independent,independent,5,independent,
101,industrial,other,other,5,,
102,unionist; independent,independent,independent,5,independent,this is an Ulster Unionist paper before Home Rule was politicised in GB poltiics so signals independence of GB parties but poltiical stance
103,liberal; independent; constitutional; progressive,independent,independent,5,independent,this is a London daily unaligned with party - Morning Advertiser - that had lost its influence over poitics since its heyday in 1860s
104,temperance,other,other,5,other,
105,liberal; independent; constitutional,independent,independent,5,independent,
106,whig; philosophical,liberal,liberal,5,,
107,democratic; republican,liberal,radical,4,liberal,but also left radical cluster
108,radical; advanced; liberal,liberal,liberal,4,,
109,liberal; anti-episcopal,liberal,liberal,4,,
110,liberal; evangelical,liberal,liberal,4,,
111,advanced; radical,liberal,radical,4,liberal,but also left cluster
112,advanced; liberal; progressive,liberal,liberal,4,,
113,non-sectarian,religious,religious,4,religious,usually a religious code word
114,advanced; liberal; non-comformist,liberal,liberal,4,,
115,liberal; presbyterian,liberal,liberal,4,,
116,chartist,liberal,radical,4,,agreed as before liberal mergers - but also left radical cluster
117,independent; unsectarian,independent,independent,4,,
118,catholic; conservative,conservative,conservative,3,,
119,liberal; radical; labour,liberal,radical,3,liberal,and also radcial left cluster
120,socialist; labour,socialist,radical,3,socialist,and also radcial left cluster
121,conservative; unsectarian,conservative,conservative,3,,
122,anti-whig,liberal,liberal,3,liberal,Meath People - 1862-64 so probably reasonable to ay Liberal as during that party's high point in Ireland
123,democratic; anti-poor-law,liberal,liberal,3,liberal,this is Lloyd's Weekly which was on a journey from independent radicalism to liberalism in late 1840s/50s so safe o so asign
124,liberal; non-comformist,liberal,liberal,3,,
125,whig; liberal,liberal,liberal,3,,
126,liberal; popular; progressive,liberal,liberal,3,,
127,liberal; whig,liberal,liberal,3,,
128,high; tory,conservative,conservative,3,,
129,independent; protestant,independent,independent,3,,
130,liberal; conservative; evangelical,independent,independent,2,independent,
131,liberal; anti-poor-law,liberal,liberal,2,,
132,ultra; liberal,liberal,liberal,2,,
133,independent; advanced; liberal,liberal,liberal,2,liberal,
134,liberal; ultra,liberal,liberal,2,,
135,advanced,liberal,liberal,2,liberal,
136,progressive; radical,liberal,radical,2,liberal,also radcial left cluster
137,ultramontane,religious,religious,2,,
138,whig; ministerial,liberal,liberal,2,,
139,orange,religious,religious,2,,
140,evangelical; unsectarian,religious,religious,2,,
141,democratic; popular; progressive,liberal,radical,2,liberal,also radcial left cluster
142,undenominational,religious,religious,2,religious,code word
143,irish-national; catholic,national,national,2,,
144,liberal; liberal; progressive,liberal,liberal,2,,
145,independent; reformer,liberal,liberal,2,liberal,reformer is code word here
146,roman-catholic; ultramontane,religious,religious,1,,
147,church-of-england; constitutional,conservative,conservative,1,,
148,advanced; liberal; popular; progressive,liberal,liberal,1,,
149,socialism,socialist,radical,1,socialist,also radcial left cluster
150,patriotic; labour,conservative,conservative,1,conservative,"yes - this is the anti-socialist, radical rght pro-Coalition 'British Citizen' of 1920"
151,non-comformist; liberal,liberal,liberal,1,,
152,constitutional; independent,conservative,conservative,1,conservative,code word
153,gladstonian,liberal,liberal,1,,
154,non-political; protestant,religious,religious,1,religious,
155,democratic; liberal,liberal,liberal,1,,
156,liberal; reform,liberal,liberal,1,,
157,baptist; liberal,liberal,liberal,1,,
158,free-trade,liberal,liberal,1,,
159,progressive; radical; labour,liberal,radical,1,liberal,also radcial left cluster
160,radical; reform,liberal,radical,1,liberal,also radcial left cluster
161,unionist; unionist; liberal,conservative,conservative,1,conservative,if post-1885
162,liberal; democratic,liberal,liberal,1,,agreed
163,anti-corn-law,other,other,1,,trade journal - Iron Times - leave blank
164,independent; constitutional; radical,independent,independent,1,independent,Morning Advertiser 1902
165,tariff-reform,conservative,conservative,1,conservative,code word
166,protestant,religious,religious,1,,
167,independent; constitutional; progressive; whig,independent,independent,1,independent,Morning Advertiser
168,liberal; independent; constitutional; whig,independent,independent,1,independent,Morning Advertiser
169,liberal; independent; constitutional; progressive; radical,independent,independent,1,independent,Morning Advertiser
170,conservative; anglo-catholic,religious,religious,1,religious,title is English Churchman
171,socialist,socialist,radical,1,socialist,
172,radical; home-rule,liberal,radical,1,liberal,(London) Star 1888
173,conservative; protectionist,conservative,conservative,1,,agreed
174,salvation army,religious,religious,1,religious,
175,whig; free-trade; free-church,liberal,liberal,1,,
176,radical; liberal,liberal,radical,1,liberal,also radcial left cluster
177,liberal; anglican,liberal,liberal,1,,
178,secularist,liberal,liberal,1,liberal,also radcial left cluster
179,scientific,other,other,1,other,
180,moderate; liberal; presbyterian,liberal,liberal,1,,
181,liberal; methodist,liberal,liberal,1,,
183,liberal; progressive; methodist,liberal,liberal,1,,
184,liberal; roman-catholic,liberal,liberal,1,,
186,radical; labour,liberal,radical,1,liberal,also radcial left cluster
187,liberal; patriotic,liberal,liberal,1,,
189,coalition,other,other,1,other,
190,patriotic,conservative,conservative,1,conservative,Tynemouth Sentinel 1902 - so end of Boer War
191,liberal; moderate,liberal,liberal,1,,
192,independent; constitutional; progressive,independent,independent,1,independent,Morning Advertiser
193,sinn-fein,national,national,1,,